New York;US;John Smith;510;102;14;350
Los Angeles;US;Peter Trevor;490;98;14;300
Chicago;US;Paul Simon;470;94;13;320
Houston;US;John Flynn;460;92;15;310
Philadelphia;US;Carl Simson;500;100;14;360
Phoenix;US;Chris Paul;540;216;17;390
San Antonio;US;Paula Good;460;138;14;340
San Diego;US;Antony Simmons;500;100;15;340
Dallas;US;Christina Cool;440;88;14;290
Berlin;Europe;Peter M�ller;490;49;15;310
Jacksonville;US;Daniel Fox;540;108;15;370
Indianapolis;US;Adam Green;480;96;16;340
San Francisco;US;Carlo Costello;480;48;14;300
D�sseldorf;Europe;Frank Klug;430;43;11;300
Columbus;US;Tina Thomson;580;116;12;400
Fort Worth;US;Matt Bianco;570;228;15;440
Charlotte;US;Patricia Fun;540;216;13;390
Detroit;US;Jackson Stiller;510;153;14;350
El Paso;US;Jason Franklin;570;171;17;380
Memphis;US;Ben Thornton;510;153;15;380
Baltimore;US;Mary Cold;540;108;17;340
Boston;US;Justin Flower;510;204;15;370
Seattle;US;Gabriel Perters;460;92;10;360
Washington;US;Mason Crane;510;255;17;330
Nashville;US;David Foster;480;96;19;340
Denver; US;Owen Carter;500;100;16;300
Louisville;US;Christopher Anderson;500;200;16;340
Milwaukee;US;Oliver Collister;520;104;15;350
Portland;US;Allan Blair;520;104;14;340
Las Vegas;US;Peter Young;470;94;16;320
Oklahoma City;US;Scott Barker;480;96;16;310
Albuquerque;US;Jim Brown;540;216;15;340
Dresden;Europe;Carl Edwards;520;52;15;410
Fresno;US;Edward Harsen;550;110;14;420
Stuttgart;Europe;Thomas Meyer;490;49;15;310
Long Beach;US;Frank Firestone;500;100;12;320
Kansas City;US;Fynn Black;550;110;13;350
Mesa;US;Jim connor;490;49;15;310
Virginia Beach;US;Annie Hilton;440;88;13;300
Atlanta;US;Carl Bennett;510;102;15;340
